{
  "iteration": 2,
  "objective_min": -5926638.417126954,
  "objective_max": 6137087.692988932,
  "objective_mean": 579388.9368522394,
  "objective_std": 3479105.6273584566,
  "bundles_solved": 100,
  "bundles_missing": 0
}